id,gender,local,gong1,gong2,gong3,gong4,gong5,gong6,gong,computer,mobile
14201,1,10,2,3,4,4,4,2,3.17,4,2
14204,1,10,4,4,2,3,3,3,3.17,1,2
14206,1,10,3,3,2,3,3,3,2.83,2,4
14209,1,10,3,4,4,4,3,4,3.67,2,2
14210,2,10,4,4,4,4,3,3,3.67,4,2
14211,1,10,3,3,3,4,4,4,3.5,1,4
14213,1,10,2,2,2,2,3,3,2.33,1,1
14214,2,10,4,4,3,2,3,2,3,4,4
14215,2,10,4,4,4,4,4,4,4,4,4
14301,1,10,4,4,3,4,4,4,3.83,1,1
14302,2,10,2,3,1,2,2,3,2.17,1,1
14305,1,10,3,3,4,4,4,3,3.5,2,2
14308,1,10,4,4,3,3,3,4,3.5,1,3
14309,1,10,4,4,4,4,4,4,4,1,1
14310,2,10,2,4,2,3,4,3,3,4,3
14311,2,10,2,4,4,4,4,4,3.67,4,1
14314,1,10,4,4,4,4,4,4,4,1,2
14315,2,10,3,3,3,2,4,4,3.17,4,4
14316,2,10,4,3,3,4,4,4,3.67,3,3
14318,1,10,2,3,2,2,3,3,2.5,1,2
14320,1,10,4,4,4,4,3,3,3.67,1,2
14321,2,10,3,3,3,3,3,3,3,4,3
14323,1,10,3,4,3,3,4,4,3.5,2,2
14324,2,10,2,3,3,2,2,2,2.33,2,1
14325,1,10,3,2,3,3,3,4,3,4,4
14326,2,10,2,3,2,4,3,4,3,4,2
14327,1,10,4,4,4,4,3,4,3.83,1,2
14329,2,10,1,3,3,3,2,4,2.67,1,1
14330,1,10,4,4,2,3,2,3,3,1,1
14331,2,10,3,4,4,4,4,4,3.83,4,4
14401,1,10,4,4,4,4,4,4,4,4,4
14403,1,10,4,4,4,4,4,4,4,2,1
14404,1,10,4,4,4,4,4,4,4,3,3
14406,1,10,4,4,4,4,4,4,4,3,1
14410,2,10,4,4,4,4,4,4,4,3,3
14413,1,10,2,3,2,2,2,3,2.33,1,2
14415,1,10,3,3,3,4,3,3,3.17,2,2
14416,1,10,2,2,3,2,3,3,2.5,1,1
14418,2,10,4,4,4,4,4,4,4,3,3
14420,1,30,4,4,4,4,4,4,4,1,1
14423,2,10,4,4,4,4,4,4,4,2,2
14425,1,10,3,3,3,4,3,3,3.17,1,2
14426,2,10,3,3,3,3,3,2,2.83,4,4
14427,1,10,4,4,4,4,4,4,4,4,4
14428,2,10,2,3,1,3,3,2,2.33,1,1
14429,2,10,4,4,4,4,4,4,4,2,1
14430,1,10,3,3,3,3,3,3,3,2,2
14431,1,10,3,3,4,4,4,4,3.67,1,1
14501,2,10,3,3,2,3,3,3,2.83,2,2
14502,2,10,2,4,1,3,4,3,2.83,1,4
14510,2,10,2,3,3,3,3,3,2.83,3,1
14514,2,10,3,3,3,3,3,3,3,4,4
14516,2,10,3,3,4,3,4,2,3.17,3,2
14517,2,10,4,4,4,4,4,4,4,4,3
14518,1,10,4,4,1,3,4,4,3.33,3,4
14524,2,10,4,4,4,4,3,3,3.67,4,4
14530,1,10,4,4,4,4,4,4,4,1,1
14533,2,10,4,4,3,3,3,2,3.17,3,2
14535,2,10,2,2,3,3,4,4,3,4,1
14601,1,10,3,4,3,3,3,3,3.17,1,3
14602,2,10,4,4,4,4,4,4,4,3,3
14603,1,10,4,4,4,4,4,4,4,1,2
14605,1,10,3,4,3,3,3,3,3.17,1,2
14606,1,10,4,4,4,4,4,4,4,2,3
14607,1,10,4,4,4,3,3,4,3.67,2,2
14608,2,10,3,3,3,4,4,4,3.5,2,4
14610,1,10,3,3,3,3,3,3,3,1,2
14612,2,10,4,4,4,4,4,3,3.83,2,4
14615,2,10,4,4,3,4,4,3,3.67,4,2
14616,2,10,3,3,3,4,4,4,3.5,3,1
14617,1,10,3,3,4,4,4,4,3.67,1,1
14618,1,10,3,3,3,3,3,3,3,2,1
14622,1,10,4,3,3,3,3,4,3.33,1,1
14624,2,10,3,4,4,4,4,3,3.67,2,1
14626,2,10,3,3,3,4,4,4,3.5,4,3
14627,1,10,3,3,3,3,3,3,3,2,1
14628,1,10,4,4,4,3,3,3,3.5,1,2
14629,1,10,3,3,3,4,4,4,3.5,1,1
14631,2,10,3,4,4,4,4,3,3.67,4,4
14632,1,10,3,3,3,4,4,4,3.5,1,1
14635,2,10,4,4,2,4,3,3,3.33,4,4
14701,2,10,2,3,2,3,3,3,2.67,3,2
14702,2,10,3,4,4,4,4,4,3.83,4,4
14704,2,10,4,4,4,3,3,2,3.33,4,1
14705,2,10,3,3,3,3,2,3,2.83,2,1
14706,2,10,2,4,4,4,2,3,3.17,2,3
14708,2,10,3,3,4,3,4,3,3.33,2,3
14709,2,10,4,4,4,3,3,3,3.5,3,4
14710,2,10,4,3,2,4,4,4,3.5,2,2
14712,2,10,3,2,3,3,3,4,3,1,4
14713,2,10,3,3,4,4,4,3,3.5,4,3
14714,2,10,4,4,4,2,2,2,3,3,2
14716,2,10,3,3,4,3,2,4,3.17,4,3
14718,2,10,4,4,3,4,4,4,3.83,2,4
14723,2,10,3,4,3,4,4,4,3.67,4,2
14725,2,10,2,4,4,4,4,4,3.67,4,3
14726,2,30,3,4,3,3,3,3,3.17,2,2
14729,2,30,2,4,2,2,4,3,2.83,3,2
14731,2,10,3,4,3,2,4,4,3.33,3,3
14733,2,25,3,3,4,3,3,3,3.17,3,4
14734,2,10,3,4,2,3,3,3,3,4,4
14735,2,10,3,3,3,4,4,4,3.5,2,3
14737,2,10,4,4,4,4,4,4,4,4,4
14801,1,10,4,3,3,4,4,4,3.67,1,2
14803,2,10,3,4,4,4,4,4,3.83,4,2
14804,2,10,4,4,4,3,4,3,3.67,2,2
14805,1,10,3,4,2,4,4,4,3.5,2,3
14807,1,10,3,4,3,3,4,4,3.5,3,3
14808,2,10,4,4,3,3,3,3,3.33,3,2
14809,2,30,3,2,2,4,3,3,2.83,3,1
14811,2,30,3,3,2,3,2,1,2.33,1,3
14812,1,10,3,2,3,4,4,4,3.33,1,2
14813,2,10,4,4,3,3,3,1,3,1,1
14815,2,10,3,3,3,3,3,3,3,4,2
14816,2,10,2,3,3,4,4,3,3.17,1,1
14821,1,10,2,3,3,4,4,4,3.33,2,3
14822,1,10,3,4,2,3,4,4,3.33,1,4
14823,2,10,2,3,3,3,3,3,2.83,4,4
14824,2,10,3,3,3,4,2,2,2.83,4,4
14826,1,10,3,3,4,4,4,4,3.67,3,3
14827,2,32,1,3,1,2,4,4,2.5,4,1
14901,2,10,4,4,3,4,4,3,3.67,4,4
14904,1,10,2,2,2,4,3,4,2.83,1,4
14906,1,10,3,4,4,4,4,4,3.83,2,3
14910,1,10,4,3,3,3,4,4,3.5,2,4
14914,2,10,3,3,4,3,4,4,3.5,4,4
14915,2,10,3,4,2,4,4,4,3.5,4,4
14916,2,10,3,4,3,4,4,3,3.5,4,4
14920,2,10,2,4,4,4,2,2,3,2,4
14921,1,10,4,4,3,4,4,4,3.83,1,2
14922,1,30,2,4,4,4,4,4,3.67,2,1
14924,1,10,4,3,3,4,4,4,3.67,1,1
14927,1,10,3,3,2,3,3,3,2.83,3,3
14928,2,10,3,4,3,3,3,4,3.33,4,4
14929,2,10,1,2,1,1,1,3,1.5,4,4
14934,1,10,4,4,4,4,4,4,4,4,4
14936,1,10,2,2,4,4,4,4,3.33,4,1
14938,2,10,2,3,2,2,2,2,2.17,4,4
14942,1,10,3,4,2,4,4,4,3.5,2,4
23702,1,20,4,4,4,4,4,4,4,2,2
23704,1,20,2,3,1,3,4,4,2.83,3,1
23706,1,20,4,3,4,4,4,4,3.83,2,2
23709,2,20,3,3,4,4,4,4,3.67,3,3
23710,1,20,2,2,3,2,2,3,2.33,1,2
23711,2,20,3,3,4,4,4,4,3.67,4,3
23712,1,20,3,3,3,4,4,4,3.5,3,3
23713,2,20,4,4,3,4,4,2,3.5,3,3
23714,1,20,4,4,4,4,4,4,4,2,2
23716,2,20,1,2,2,3,1,2,1.83,1,1
23718,2,20,3,4,3,3,4,3,3.33,3,1
23719,2,20,3,3,3,3,3,4,3.17,3,3
23722,1,20,2,2,2,2,3,3,2.33,2,1
23723,1,20,3,3,3,3,3,3,3,1,1
23724,2,20,4,4,4,4,4,4,4,4,4
23725,1,20,4,3,4,4,4,4,3.83,1,2
23726,2,20,3,3,4,4,4,4,3.67,3,2
23728,1,20,2,2,2,2,3,3,2.33,1,2
23729,2,20,3,3,3,3,4,2,3,4,4
23731,2,20,3,3,3,3,3,4,3.17,2,1
23732,2,20,4,3,3,3,4,3,3.33,1,1
23733,1,20,3,3,2,3,4,4,3.17,1,1
23734,1,20,4,4,4,4,4,4,4,1,2
23736,1,20,2,2,2,4,4,4,3,1,2
23803,1,20,3,2,2,3,3,3,2.67,1,1
23804,1,20,3,4,4,4,4,4,3.83,3,4
23805,1,20,4,3,3,3,4,3,3.33,4,4
23808,1,20,4,2,4,4,4,4,3.67,2,1
23809,1,20,4,4,2,3,4,4,3.5,1,3
23810,1,20,4,3,3,3,3,3,3.17,2,2
23811,1,20,4,4,4,4,4,4,4,1,3
23812,1,20,3,3,2,3,3,3,2.83,1,1
23816,1,20,2,3,3,3,3,3,2.83,1,1
23821,1,20,3,3,3,3,4,4,3.33,4,2
23822,1,20,3,4,3,4,3,4,3.5,2,4
23823,1,20,3,3,3,3,3,3,3,1,3
23825,1,20,3,3,3,3,4,4,3.33,4,4
23826,1,20,4,3,3,3,3,3,3.17,2,1
23827,1,20,3,3,3,3,3,3,3,2,1
23828,1,20,3,3,3,3,3,3,3,2,1
23830,1,20,3,3,3,3,4,3,3.17,2,2
23904,2,20,2,2,2,4,4,4,3,4,2
23905,1,20,2,2,3,3,3,4,2.83,1,2
23907,1,20,4,4,4,3,3,4,3.67,2,2
23910,1,20,3,3,3,3,3,4,3.17,1,1
23911,2,20,2,2,2,2,3,4,2.5,4,3
23912,2,20,3,3,2,3,4,3,3,3,1
23913,1,20,3,3,4,3,3,4,3.33,1,3
23914,1,20,3,3,3,3,3,3,3,1,2
23915,2,20,3,2,4,4,4,3,3.33,4,2
23918,1,30,3,3,3,3,3,4,3.17,1,3
23924,1,20,3,4,4,2,4,4,3.5,1,1
23925,1,20,3,3,2,4,4,3,3.17,1,2
24001,2,20,2,2,2,2,2,3,2.17,4,2
24003,2,20,2,2,2,2,2,2,2,4,4
24005,2,20,4,4,2,3,1,1,2.5,1,1
24006,2,20,2,3,4,4,4,2,3.17,2,1
24008,2,20,2,2,2,3,3,3,2.5,4,4
24011,2,20,3,4,4,4,4,4,3.83,4,1
24014,2,20,4,4,4,4,4,3,3.83,4,3
24016,2,20,3,3,3,4,4,3,3.33,4,1
24017,2,20,4,4,4,3,2,2,3.17,3,4
24018,2,20,2,3,2,2,3,3,2.5,3,1
24020,2,20,3,3,3,3,3,4,3.17,3,3
24021,2,20,2,2,3,2,3,2,2.33,3,3
24022,2,20,2,3,3,2,3,3,2.67,2,2
24023,2,20,3,3,3,3,2,2,2.67,2,1
24024,2,20,4,4,4,4,4,2,3.67,1,1
24025,2,20,2,3,3,3,3,3,2.83,4,4
24105,1,20,4,3,3,4,4,4,3.67,1,4
24106,2,20,3,3,2,3,3,3,2.83,3,3
24108,1,20,2,3,3,3,3,3,2.83,1,2
24111,1,20,3,3,2,4,3,3,3,1,1
24113,1,20,3,3,3,3,3,3,3,1,3
24114,1,20,3,2,3,2,2,3,2.5,3,3
24115,1,20,3,3,3,3,3,3,3,1,1
24116,1,20,4,4,4,4,4,4,4,1,4
24117,2,20,1,4,3,2,3,3,2.67,2,1
24118,1,20,3,3,3,3,3,3,3,2,2
24119,2,20,3,3,2,4,3,3,3,4,2
24120,1,20,2,4,4,4,4,4,3.67,4,2
24123,1,20,4,4,3,4,4,4,3.83,3,4
24125,1,20,3,4,3,3,3,3,3.17,1,3
24126,2,20,4,2,4,4,4,2,3.33,1,4
24128,2,20,3,4,2,3,3,3,3,4,4
24130,2,20,2,3,3,3,4,4,3.17,2,4
24131,1,20,3,3,3,3,3,3,3,2,2
24132,1,20,4,4,4,3,4,4,3.83,1,4
24133,1,20,2,3,4,2,3,3,2.83,3,1
32901,2,21,4,4,3,4,4,4,3.83,4,3
32902,2,21,4,4,4,4,4,4,4,2,1
32905,2,21,4,3,3,4,3,4,3.5,2,1
32906,2,21,4,4,3,4,2,2,3.17,3,3
32909,2,21,4,4,4,3,3,2,3.33,3,3
32911,2,21,3,3,3,3,2,3,2.83,2,3
32912,2,21,4,4,4,4,4,4,4,3,1
32913,2,21,3,4,4,4,4,4,3.83,3,3
32914,2,21,4,4,4,4,4,4,4,4,3
32915,2,21,3,3,3,3,3,2,2.83,3,2
32916,2,21,4,4,2,3,3,4,3.33,4,3
32918,2,21,2,3,3,3,3,2,2.67,3,2
32919,1,21,4,4,4,4,4,4,4,2,2
32922,1,21,3,3,3,3,3,3,3,2,2
32923,1,21,3,3,3,4,4,4,3.5,4,3
32924,1,21,4,4,4,4,4,4,4,1,1
32925,1,21,3,3,3,3,3,3,3,1,1
32927,1,21,3,3,3,3,3,3,3,1,2
32931,1,21,3,3,3,4,4,2,3.17,2,4
32932,1,21,4,4,4,4,4,4,4,2,1
32935,1,21,3,4,3,3,3,3,3.17,1,1
32938,1,21,3,3,3,3,3,3,3,2,2
33002,2,21,3,4,3,4,3,4,3.5,1,3
33003,2,21,4,4,4,4,4,2,3.67,4,4
33004,2,21,2,3,2,3,3,3,2.67,1,1
33005,2,21,4,4,2,4,4,4,3.67,4,4
33006,2,21,4,4,4,4,4,4,4,3,3
33008,2,21,3,3,4,3,4,2,3.17,2,1
33009,2,21,2,3,4,4,4,4,3.5,4,4
33010,2,21,3,4,4,3,3,4,3.5,2,1
33011,2,21,2,2,2,2,2,2,2,3,4
33012,2,21,3,4,3,3,3,2,3,4,4
33013,2,21,4,4,4,3,3,3,3.5,4,4
33016,2,21,3,4,3,4,3,2,3.17,3,4
33017,2,21,2,3,3,3,2,2,2.5,4,1
33018,2,21,3,3,3,3,3,3,3,4,4
33019,2,21,4,4,3,4,3,3,3.5,4,4
33020,2,21,3,4,2,3,3,3,3,3,2
33021,2,21,3,4,4,3,3,3,3.33,4,3
33022,2,33,4,3,4,4,4,4,3.83,1,1
33025,2,21,3,3,4,4,4,4,3.67,3,1
33026,2,21,4,4,4,4,4,3,3.83,4,4
33027,2,21,2,3,3,3,2,3,2.67,2,4
33028,2,21,3,4,2,4,4,3,3.33,4,4
33029,2,21,3,3,3,4,4,3,3.33,3,3
33030,2,21,2,2,4,4,4,4,3.33,4,4
33032,2,21,3,3,3,3,3,3,3,3,2
33033,2,21,3,3,3,3,4,3,3.17,3,3
33034,2,21,3,4,4,3,3,3,3.33,4,4
33035,2,21,3,3,3,2,2,2,2.5,2,2
33036,2,21,3,3,3,2,3,2,2.67,3,1
33037,2,21,3,3,3,3,3,2,2.83,4,4
33038,2,21,4,4,4,4,4,4,4,4,4
33039,2,21,1,2,2,3,2,2,2,3,1
33040,2,21,2,4,3,4,4,4,3.5,4,1
33041,2,21,3,3,3,4,4,3,3.33,4,3
33101,1,21,2,2,2,2,2,2,2,2,1
33102,1,21,4,4,4,4,4,4,4,3,2
33103,1,21,3,3,3,4,4,4,3.5,2,2
33104,1,21,4,4,4,4,4,4,4,3,4
33105,1,21,3,2,3,3,3,3,2.83,1,2
33106,1,21,4,3,3,3,3,3,3.17,2,2
33108,1,21,4,3,4,4,4,4,3.83,1,2
33109,1,21,3,3,3,3,4,3,3.17,4,3
33110,1,21,2,2,3,3,4,4,3,4,4
33111,1,21,2,3,2,2,2,3,2.33,3,3
33112,1,21,2,2,3,3,3,4,2.83,2,2
33113,1,36,2,3,3,4,4,4,3.33,4,3
33114,1,21,3,4,3,3,3,2,3,2,1
33115,1,21,2,2,2,2,2,2,2,2,1
33118,1,21,3,3,3,3,3,3,3,1,3
33119,1,21,3,4,3,3,4,4,3.5,3,4
33120,1,21,3,3,3,4,4,4,3.5,2,1
33123,1,21,2,2,2,3,3,3,2.5,4,1
33124,1,21,2,2,3,2,3,2,2.33,2,2
33125,1,36,4,4,4,3,3,3,3.5,2,1
33126,1,21,2,3,2,3,3,3,2.67,1,3
33128,1,21,2,2,1,2,2,3,2,2,2
33129,1,21,4,4,4,4,4,4,4,2,1
33130,1,21,3,2,3,3,3,4,3,1,1
33131,1,21,3,3,2,4,2,4,3,1,2
33133,1,21,4,4,4,4,4,4,4,1,1
33134,1,21,3,2,3,4,4,4,3.33,2,4
33137,1,21,3,3,3,4,4,4,3.5,2,1
33138,1,21,3,4,4,4,4,4,3.83,1,4
33139,1,21,3,2,3,3,3,4,3,3,3
33202,2,21,2,3,2,2,2,3,2.33,3,4
33203,1,21,3,3,3,3,4,4,3.33,1,2
33204,1,21,3,3,3,3,3,3,3,1,3
33205,2,21,4,4,3,4,4,4,3.83,4,3
33206,2,21,2,1,1,1,1,2,1.33,4,2
33207,2,21,3,2,2,2,3,3,2.5,3,2
33208,2,21,3,4,3,3,3,4,3.33,4,4
33209,2,21,4,3,4,4,4,3,3.67,4,4
33210,2,21,4,4,2,4,4,3,3.5,4,2
33211,1,21,4,4,4,4,3,3,3.67,4,4
33212,2,21,4,4,4,4,2,3,3.5,4,4
33213,2,21,4,3,3,4,4,4,3.67,4,4
33216,1,21,3,3,3,3,4,4,3.33,1,1
33217,2,21,4,3,3,4,4,4,3.67,4,4
33218,2,21,4,3,3,4,4,4,3.67,4,4
33220,2,21,3,3,3,3,3,3,3,4,1
33222,1,21,2,4,3,3,4,3,3.17,1,1
33223,1,21,2,4,4,2,4,4,3.33,3,1
33224,2,21,2,3,3,4,4,4,3.33,4,4
33228,1,21,3,2,3,3,3,3,2.83,2,2
33229,1,21,3,2,2,3,3,3,2.67,1,4
33230,1,21,3,3,3,3,3,3,3,1,3
33231,1,21,4,4,4,4,4,4,4,1,3
33233,2,21,3,3,4,3,2,2,2.83,2,1
33234,2,21,2,3,3,4,3,4,3.17,2,2
33235,1,21,3,4,4,4,4,4,3.83,2,3
33236,2,21,2,3,3,3,3,3,2.83,2,2
33237,1,21,4,3,4,4,4,4,3.83,1,4
33239,2,21,3,4,3,3,3,3,3.17,1,2
33240,1,20,3,3,3,3,3,3,3,1,1
45403,2,22,3,3,2,3,4,4,3.17,4,4
45404,2,22,3,3,4,4,3,3,3.33,2,3
45405,2,22,3,4,4,3,2,3,3.17,1,4
45408,2,22,4,4,3,4,4,2,3.5,4,4
45412,2,22,2,3,4,2,4,4,3.17,4,3
45413,2,22,4,4,4,4,4,4,4,2,2
45414,2,22,2,2,3,3,2,2,2.33,4,2
45419,2,22,2,4,3,4,4,4,3.5,4,4
45420,2,22,3,4,3,4,4,4,3.67,4,2
45421,2,22,4,4,4,4,4,4,4,2,4
45425,2,22,2,3,3,3,4,4,3.17,4,3
45426,2,22,3,3,2,3,2,2,2.5,4,4
45430,2,22,3,3,3,3,3,2,2.83,4,2
45431,2,22,3,3,3,3,3,3,3,2,2
45433,2,22,2,3,2,2,3,3,2.5,4,4
45435,2,22,4,4,3,3,2,2,3,4,3
45437,2,22,2,3,3,3,3,3,2.83,2,2
45501,1,22,2,2,3,3,4,4,3,1,3
45505,1,22,4,4,4,4,4,4,4,1,1
45506,1,22,3,3,3,3,3,3,3,1,2
45511,1,22,4,4,3,3,3,2,3.17,3,4
45512,1,22,4,4,2,3,4,4,3.5,2,2
45513,1,22,3,3,3,3,3,4,3.17,3,3
45516,1,22,4,2,4,2,3,4,3.17,2,1
45518,1,22,4,4,3,4,4,4,3.83,1,1
45519,1,22,3,3,3,3,3,3,3,1,2
45520,1,22,4,4,4,4,4,4,4,1,1
45527,1,30,2,2,2,3,3,3,2.5,4,4
45528,1,22,3,3,3,3,3,3,3,4,1
45529,1,22,2,2,2,3,3,3,2.5,3,1
45530,1,22,2,2,3,2,3,4,2.67,2,3
45531,1,22,3,4,4,4,4,4,3.83,1,3
45534,1,22,2,2,4,2,3,4,2.83,1,1
45535,1,22,2,2,3,2,3,3,2.5,1,2
45603,2,22,3,3,2,2,3,2,2.5,4,3
45604,2,22,3,3,3,3,3,3,3,4,3
45606,2,22,3,3,3,3,3,3,3,3,2
45610,2,22,2,3,3,3,3,3,2.83,3,1
45611,2,22,3,3,3,2,2,3,2.67,4,2
45612,2,22,3,3,4,4,4,3,3.5,1,3
45613,2,22,3,3,3,3,3,4,3.17,4,4
45616,2,22,3,3,2,3,4,3,3,3,1
45617,2,22,3,3,4,4,4,3,3.5,3,3
45618,2,22,3,4,2,3,4,4,3.33,4,1
45620,2,22,4,3,3,4,4,3,3.5,3,3
45621,2,22,3,3,2,3,2,3,2.67,4,3
45624,2,22,2,3,3,3,3,3,2.83,2,1
45627,2,22,3,3,3,3,2,2,2.67,4,4
45628,2,22,3,3,3,3,3,3,3,3,3
45629,2,22,2,3,3,2,3,3,2.67,4,4
45630,2,22,2,3,2,2,3,3,2.5,4,1
45634,2,22,3,3,4,2,4,4,3.33,4,1
45636,2,22,3,4,3,3,3,2,3,4,1
45638,2,22,4,3,3,3,4,4,3.5,3,4
45702,1,22,3,3,3,3,3,4,3.17,2,2
45705,1,22,3,3,3,3,3,3,3,3,3
45707,1,22,3,4,4,4,4,4,3.83,1,1
45711,2,22,3,4,3,3,2,1,2.67,2,2
45712,1,22,2,3,3,2,3,2,2.5,1,3
45713,1,22,2,3,4,3,4,3,3.17,1,2
45714,2,22,3,3,3,4,3,2,3,4,1
45715,2,22,3,3,3,3,3,3,3,4,4
45719,1,22,4,3,3,3,3,4,3.33,2,2
45721,2,22,3,4,3,3,3,3,3.17,2,2
45722,1,22,3,3,3,4,3,4,3.33,3,3
45723,2,22,4,4,4,4,4,3,3.83,4,4
45726,1,22,3,3,3,3,3,3,3,2,2
45728,2,22,2,4,2,2,2,4,2.67,3,1
45736,2,22,4,4,4,4,4,4,4,4,4
45737,1,22,3,4,2,2,3,2,2.67,1,1
45739,2,22,4,4,4,4,4,4,4,2,3
45801,2,22,3,3,3,4,4,3,3.33,3,2
45802,2,22,3,3,3,3,3,3,3,4,3
45804,2,22,2,3,3,4,4,4,3.33,3,4
45805,2,22,3,4,4,4,4,4,3.83,1,4
45811,2,22,4,4,4,4,4,4,4,2,2
45812,2,22,4,3,3,2,4,4,3.33,4,4
45813,2,22,3,3,3,3,3,3,3,3,2
45820,2,22,4,4,4,3,4,4,3.83,4,1
45822,2,22,4,4,4,3,4,4,3.83,2,3
45824,2,22,1,4,2,2,2,4,2.5,4,3
45825,2,22,2,3,2,3,2,2,2.33,4,4
45826,2,22,3,3,3,3,3,3,3,4,2
45827,2,22,3,4,4,4,3,4,3.67,3,1
45828,2,22,4,4,3,3,3,3,3.33,3,2
45829,2,22,3,2,2,3,3,3,2.67,3,1
45830,2,22,4,4,4,4,4,3,3.83,4,2
45831,2,22,2,3,3,4,3,3,3,4,2
45834,2,22,3,3,2,2,3,2,2.5,1,1
45835,2,22,2,1,2,2,1,1,1.5,2,1
52504,1,23,3,3,2,4,3,3,3,1,1
52508,2,23,3,3,3,3,3,3,3,2,2
52523,2,23,2,4,4,2,3,3,3,4,3
52524,2,23,4,4,4,4,4,4,4,4,3
52527,2,23,4,4,4,4,4,4,4,4,2
52602,2,23,2,4,1,2,2,2,2.17,4,4
52603,2,23,3,3,3,3,2,2,2.67,4,3
52616,1,23,4,4,3,4,2,2,3.17,4,3
52619,1,23,3,2,4,3,3,3,3,1,1
52623,2,23,3,3,3,2,4,3,3,4,2
52625,1,23,2,3,3,2,2,3,2.5,2,3
52627,1,23,3,3,3,3,3,3,3,2,1
52630,2,23,3,3,3,3,3,3,3,2,3
52634,2,23,3,4,4,4,3,2,3.33,1,2
52636,1,23,1,3,1,1,1,4,1.83,1,3
52637,1,23,3,3,2,4,4,4,3.33,1,2
52706,2,23,2,4,3,3,4,3,3.17,2,2
52708,2,23,3,3,3,3,2,2,2.67,3,2
52709,1,35,1,2,4,4,4,4,3.17,2,1
52711,1,23,2,2,3,2,3,3,2.5,1,2
52713,1,23,3,3,3,4,4,4,3.5,4,1
52714,1,23,3,4,3,4,4,4,3.67,4,2
52715,2,23,4,4,2,4,4,4,3.67,3,4
52718,1,30,2,3,2,2,2,3,2.33,2,1
52719,2,23,3,3,3,2,2,3,2.67,1,1
52720,1,23,3,3,3,3,3,3,3,2,1
52721,2,35,2,2,2,3,1,1,1.83,3,3
52723,1,23,2,3,1,2,4,4,2.67,3,2
52724,2,23,3,4,3,3,3,3,3.17,4,4
52725,2,35,3,3,2,4,4,4,3.33,2,1
52802,2,23,4,4,4,4,4,4,4,4,4
52803,2,23,3,3,3,3,3,3,3,4,3
52804,2,23,2,3,2,3,3,3,2.67,4,2
52807,2,23,2,3,2,4,4,4,3.17,2,4
52808,2,23,3,3,3,3,3,3,3,2,1
52809,1,23,4,4,3,4,4,4,3.83,1,1
52810,1,23,3,3,3,3,2,3,2.83,1,1
52811,2,23,2,3,2,2,2,2,2.17,3,3
52815,1,23,4,4,4,4,4,4,4,3,3
52816,2,23,3,4,3,3,3,4,3.33,4,3
52817,2,23,3,4,3,3,3,3,3.17,4,1
52819,1,23,3,4,3,4,4,4,3.67,2,1
52822,2,23,3,3,4,2,4,3,3.17,3,3
52823,2,23,4,4,4,4,4,4,4,2,1
52824,2,23,3,3,2,4,3,3,3,3,3
52826,2,23,4,4,3,3,2,3,3.17,3,3
52827,1,23,2,3,3,4,4,4,3.33,1,2
52828,1,23,3,3,3,3,3,3,3,1,1
52831,1,23,2,1,1,3,2,4,2.17,4,3
52832,1,23,3,3,3,4,4,4,3.5,1,4
52833,2,23,2,2,2,2,3,3,2.33,4,2
52834,2,23,3,3,3,3,2,4,3,4,3
52835,1,23,3,4,2,2,4,4,3.17,2,1
52836,2,23,3,3,2,3,3,3,2.83,4,4
52838,2,23,2,2,2,2,3,3,2.33,1,3
63309,1,32,2,3,4,3,4,4,3.33,1,4
63310,1,24,3,3,4,3,2,4,3.17,1,2
63311,1,24,2,2,2,3,4,4,2.83,1,4
63313,1,24,2,3,3,3,2,3,2.67,1,1
63314,1,24,3,3,3,3,2,3,2.83,1,3
63317,1,24,2,3,4,4,4,4,3.5,3,4
63318,1,24,3,4,4,4,4,4,3.83,3,4
63320,1,32,2,2,3,3,3,3,2.67,1,1
63325,1,32,4,4,4,4,4,4,4,1,3
63328,1,24,3,3,3,2,4,4,3.17,1,1
63329,1,24,4,4,2,4,4,4,3.67,1,4
63401,1,24,3,4,3,3,4,4,3.5,1,3
63402,1,24,3,3,2,3,3,4,3,1,1
63404,1,24,3,3,2,3,3,4,3,1,1
63405,1,24,2,2,2,2,3,4,2.5,1,1
63411,1,33,3,3,3,3,3,3,3,2,1
63413,1,24,4,4,4,3,4,4,3.83,4,1
63414,1,24,3,3,2,4,3,3,3,1,2
63415,1,24,2,2,2,2,4,4,2.67,1,1
63416,1,24,2,4,4,3,4,4,3.5,1,1
63417,1,24,3,3,3,3,3,4,3.17,3,1
63419,1,32,3,3,3,3,3,3,3,1,2
63420,1,24,2,3,2,3,3,4,2.83,1,2
63421,1,24,3,3,3,3,3,3,3,1,2
63422,1,24,2,3,2,2,2,3,2.33,3,3
63423,1,24,2,4,4,3,3,3,3.17,3,1
63424,1,24,3,3,2,3,4,4,3.17,1,3
63425,1,35,4,4,4,3,4,3,3.67,2,2
63426,1,24,2,2,2,2,3,3,2.33,1,2
63502,2,24,3,3,3,3,3,3,3,2,2
63505,2,24,3,3,3,3,3,3,3,3,1
63506,2,24,3,3,3,3,3,3,3,1,1
63510,2,24,3,3,2,3,4,3,3,1,1
63511,1,24,3,2,3,3,3,4,3,2,2
63512,2,24,3,3,3,3,3,2,2.83,4,4
63513,1,24,3,3,3,3,3,4,3.17,1,1
63514,1,24,3,2,2,3,3,4,2.83,1,3
63517,2,24,3,3,3,3,2,3,2.83,3,2
63518,1,24,3,3,2,3,4,4,3.17,4,2
63519,1,24,3,2,4,3,3,3,3,1,1
63523,2,24,3,3,3,2,2,4,2.83,2,4
63524,1,24,2,2,2,3,2,2,2.17,1,1
63525,2,24,3,3,3,4,4,3,3.33,4,4
63530,2,24,3,2,3,3,2,3,2.67,1,4
63533,1,24,3,2,2,3,3,3,2.67,1,1
63604,2,24,3,4,4,3,4,2,3.33,3,3
63605,2,24,3,3,3,4,3,3,3.17,4,2
63606,2,24,2,3,2,3,4,4,3,4,1
63607,2,24,3,4,4,4,4,4,3.83,4,4
63608,2,24,2,3,2,2,2,2,2.17,2,2
63609,2,24,3,3,2,2,4,3,2.83,4,1
63610,2,24,3,2,2,2,3,4,2.67,2,3
63611,2,24,2,3,3,3,2,3,2.67,4,3
63612,2,24,2,4,2,2,2,3,2.5,4,1
63613,2,24,3,3,4,4,4,4,3.67,3,2
63614,2,24,3,4,4,3,4,4,3.67,4,4
63615,2,24,4,4,4,4,4,4,4,2,1
63617,2,24,3,4,4,4,3,4,3.67,4,4
63619,2,24,4,4,2,4,4,4,3.67,4,1
63622,2,24,2,3,1,3,3,2,2.33,2,1
63623,2,24,1,4,2,2,3,1,2.17,4,4
63624,2,24,3,3,4,3,4,4,3.5,3,4
63625,2,24,3,3,3,3,4,4,3.33,3,3
63627,2,24,3,4,4,4,4,2,3.5,2,3
63628,2,37,4,4,4,4,4,4,4,4,4
63630,2,24,4,4,3,4,4,4,3.83,3,2
63631,2,24,3,3,2,2,2,2,2.33,3,3
63633,2,24,3,3,2,4,3,4,3.17,3,3
63634,2,24,3,3,2,3,2,3,2.67,4,4
63635,2,24,3,4,4,4,4,4,3.83,4,4
63636,2,24,3,3,3,3,4,3,3.17,4,4
63637,2,24,3,3,3,3,4,4,3.33,4,3
75001,2,25,4,4,4,4,4,1,3.5,4,3
75002,2,25,3,3,3,4,2,4,3.17,2,2
75004,2,25,3,3,2,3,2,2,2.5,3,2
75005,2,25,2,3,2,2,3,4,2.67,1,1
75006,2,25,3,3,3,4,3,4,3.33,3,4
75007,2,25,3,3,4,3,4,2,3.17,3,1
75010,2,25,2,2,2,3,4,4,2.83,4,4
75012,2,25,2,4,2,2,2,2,2.33,4,1
75013,2,25,4,3,3,3,3,2,3,3,2
75014,2,25,2,2,2,3,2,2,2.17,3,3
75015,2,21,3,3,2,3,3,3,2.83,4,4
75016,2,25,3,3,3,3,3,3,3,4,2
75018,2,25,3,3,3,3,3,3,3,4,4
75019,2,25,2,3,3,3,3,2,2.67,1,2
75021,2,25,3,4,3,4,3,3,3.33,2,3
75022,2,25,3,3,2,2,3,1,2.33,2,1
75024,2,25,2,2,3,2,2,2,2.17,2,3
75025,2,25,2,2,3,2,3,4,2.67,2,3
75027,2,25,3,3,3,3,4,4,3.33,2,2
75028,2,25,3,4,3,3,3,3,3.17,3,1
75029,2,25,4,4,4,4,3,4,3.83,4,4
75101,1,25,2,4,4,4,4,4,3.67,1,1
75106,1,25,4,4,3,4,4,4,3.83,4,3
75108,1,25,3,3,4,3,4,4,3.5,1,3
75109,1,25,2,3,2,2,3,3,2.5,2,2
75114,1,25,4,4,4,3,3,3,3.5,1,2
75116,1,36,4,4,4,4,3,4,3.83,4,2
75118,1,25,3,4,4,4,3,3,3.5,2,3
75123,1,25,2,3,2,3,3,4,2.83,2,1
75124,1,25,4,4,4,3,4,4,3.83,4,4
75125,1,25,3,3,3,3,3,3,3,1,1
75126,1,25,3,2,1,3,3,4,2.67,3,3
75127,1,25,4,4,4,4,4,3,3.83,1,4
75129,1,25,1,4,4,3,3,4,3.17,2,1
75130,1,25,2,2,2,3,3,3,2.5,1,1
75131,1,25,3,3,3,3,3,3,3,1,2
75132,1,25,2,3,3,2,3,3,2.67,2,2
75203,1,25,4,4,4,4,4,4,4,1,3
75204,1,25,2,1,2,4,4,4,2.83,1,2
75205,1,25,4,4,4,4,4,4,4,2,2
75206,1,25,4,4,4,4,4,4,4,3,3
75207,1,25,3,4,4,4,3,3,3.5,3,4
75212,1,25,4,4,4,4,4,4,4,1,1
75213,1,25,4,4,4,4,4,4,4,1,2
75215,1,25,3,4,4,4,4,4,3.83,1,4
75216,1,25,4,4,3,3,3,3,3.33,2,2
75217,1,25,4,4,4,4,4,4,4,2,1
75218,1,25,3,3,3,4,4,4,3.5,3,3
75219,1,25,3,2,4,4,3,3,3.17,1,1
75221,1,25,4,4,2,2,2,4,3,1,2
75222,1,25,4,4,4,4,4,4,4,1,1
75224,1,25,4,2,3,4,4,1,3,1,1
75225,1,25,3,4,4,4,4,4,3.83,1,3
75227,1,25,1,1,2,1,2,1,1.33,2,1
75228,1,25,3,2,4,3,3,3,3,2,2
75231,1,25,4,4,3,3,4,4,3.67,1,3
75234,1,25,4,3,4,3,3,3,3.33,1,2
75235,1,25,4,4,4,4,4,4,4,2,2
75236,1,25,3,2,2,3,2,3,2.5,1,4
75237,1,25,4,4,4,4,4,4,4,1,4
75305,2,25,2,3,4,4,3,3,3.17,3,1
75306,2,25,3,3,3,3,3,3,3,3,3
75307,1,25,2,2,2,2,3,3,2.33,2,4
75309,1,25,2,1,2,2,2,2,1.83,3,3
75310,2,25,3,3,3,3,3,2,2.83,3,2
75313,1,25,3,3,4,3,4,4,3.5,1,2
75315,1,25,2,3,2,2,3,4,2.67,1,1
75317,2,25,4,2,3,3,3,3,3,3,3
75318,1,25,2,2,3,2,3,4,2.67,2,4
75319,1,25,3,3,3,3,3,3,3,3,3
75321,2,25,3,3,3,3,3,3,3,3,3
75322,1,25,4,4,4,4,4,4,4,1,2
75323,1,25,4,4,3,4,3,4,3.67,1,3
75324,1,25,2,2,3,2,3,4,2.67,1,1
75325,1,25,3,3,3,3,2,3,2.83,1,1
75326,2,25,2,2,2,3,2,3,2.33,4,2
75328,1,25,3,3,3,3,4,4,3.33,2,4
75329,2,25,3,4,3,4,4,4,3.67,3,2
75330,1,25,4,4,4,4,4,4,4,1,3
75333,1,25,3,3,3,3,3,3,3,1,3
80501,2,30,3,3,3,3,3,3,3,4,4
80502,2,30,3,3,3,3,3,3,3,3,2
80503,2,30,2,3,2,3,3,1,2.33,2,1
80504,2,30,3,4,3,3,3,3,3.17,2,2
80508,2,30,4,4,3,2,4,4,3.5,4,2
80509,2,30,3,3,3,3,4,4,3.33,4,2
80510,2,33,4,4,4,4,4,4,4,3,2
80513,2,30,3,4,4,4,4,4,3.83,4,4
80514,2,30,1,2,2,2,2,4,2.17,3,1
80518,2,30,2,3,3,2,3,3,2.67,1,1
80520,2,30,3,4,4,4,4,4,3.83,4,2
80522,2,30,3,3,3,4,4,4,3.5,1,1
80524,2,30,4,3,3,4,4,4,3.67,4,1
80527,2,30,3,4,3,3,2,3,3,2,2
80528,2,30,4,3,3,4,3,4,3.5,4,4
80529,2,30,2,2,2,2,3,4,2.5,2,3
80530,2,30,3,3,3,3,3,3,3,4,3
80532,2,30,2,3,2,2,2,3,2.33,4,3
80537,2,30,4,4,4,4,4,4,4,4,4
80602,2,30,3,3,3,4,4,3,3.33,2,2
80603,2,30,2,2,3,2,2,3,2.33,2,2
80606,1,30,4,3,3,3,4,4,3.5,3,2
80607,2,30,4,4,4,4,4,4,4,3,2
80608,1,30,4,4,4,4,4,4,4,2,3
80609,2,30,4,3,3,3,3,4,3.33,2,4
80610,1,30,4,4,4,3,3,4,3.67,2,2
80611,2,30,4,4,4,4,4,4,4,2,2
80617,2,30,3,3,3,3,4,3,3.17,3,3
80618,1,30,4,4,4,4,4,4,4,2,2
80620,1,10,3,4,4,4,4,4,3.83,2,2
80622,2,30,3,3,3,4,4,4,3.5,2,3
80623,1,30,4,4,4,4,4,4,4,1,2
80624,2,30,3,3,3,3,4,4,3.33,3,3
80626,2,30,3,4,4,4,3,4,3.67,2,2
80627,1,30,4,3,2,4,4,4,3.5,1,4
80628,2,30,4,4,4,4,4,3,3.83,3,2
80629,2,30,4,3,3,3,3,4,3.33,2,4
80630,1,30,4,4,4,4,4,4,4,2,2
80631,2,30,3,3,3,3,2,2,2.67,3,2
80633,2,10,4,3,3,3,4,3,3.33,3,3
80634,1,30,3,3,3,4,3,2,3,2,2
80636,1,30,4,4,4,3,4,4,3.83,2,2
80637,2,30,3,4,3,3,3,3,3.17,3,2
80638,1,30,3,3,3,3,3,3,3,2,2
80701,1,30,2,4,3,3,4,3,3.17,1,2
80703,1,30,3,3,3,3,3,3,3,2,1
80704,1,30,2,4,3,3,4,3,3.17,1,2
80705,1,30,3,3,3,3,3,3,3,2,1
80706,1,30,3,3,2,2,3,3,2.67,1,4
80708,1,30,4,4,3,4,4,4,3.83,1,4
80712,1,30,2,2,2,3,3,4,2.67,1,1
80714,1,30,2,2,2,3,4,4,2.83,1,1
80716,1,30,3,3,3,4,3,3,3.17,2,3
80717,1,30,2,3,3,3,4,4,3.17,2,3
80719,1,30,4,4,4,4,4,4,4,1,1
80722,1,30,4,4,4,2,3,4,3.5,2,1
80723,1,30,3,3,3,4,3,3,3.17,3,3
80725,1,30,2,3,3,3,1,3,2.5,2,2
80726,1,30,4,4,4,4,4,4,4,2,3
80727,1,30,4,4,4,4,4,4,4,2,3
80729,1,30,3,2,3,3,2,3,2.67,2,2
80731,1,30,1,2,3,3,1,3,2.17,2,2
80732,1,30,2,3,3,3,3,3,2.83,1,1
80733,1,30,2,3,2,3,3,2,2.5,1,1
80735,1,30,3,3,3,4,4,4,3.5,2,3
80736,1,30,2,2,3,2,4,4,2.83,1,4
80737,1,30,3,3,3,4,4,4,3.5,1,1
80739,1,30,4,4,4,4,4,4,4,1,3
80801,1,30,3,2,2,2,3,3,2.5,2,1
80802,1,30,4,4,4,4,3,4,3.83,4,2
80805,1,30,2,3,4,4,3,3,3.17,3,1
80806,1,30,4,4,2,4,4,4,3.67,2,4
80809,2,30,3,4,4,4,4,3,3.67,4,2
80811,2,30,3,4,3,3,3,3,3.17,1,2
80812,1,30,3,4,3,3,4,3,3.33,2,3
80813,1,30,2,3,1,2,2,4,2.33,1,4
80814,1,30,3,2,3,3,2,3,2.67,1,1
80815,1,30,2,3,3,2,3,3,2.67,3,2
80816,1,30,3,3,3,3,3,3,3,2,2
80817,1,30,2,3,3,3,2,3,2.67,3,2
80818,1,30,3,4,3,4,4,4,3.67,2,1
80819,1,30,3,3,3,3,4,3,3.17,2,1
80822,2,30,3,4,4,3,3,2,3.17,1,3
80823,2,30,3,3,3,3,2,3,2.83,2,2
80824,2,30,4,4,4,4,4,4,4,4,2
80826,2,30,4,4,4,4,3,4,3.83,3,2
80828,1,30,3,3,3,3,3,3,3,1,1
80829,1,30,3,4,4,4,3,3,3.5,1,1
80830,1,30,3,3,3,3,4,3,3.17,1,2
80831,1,30,3,4,4,4,3,4,3.67,2,2
80832,1,30,3,3,3,4,3,4,3.33,2,1
80833,1,30,3,3,3,3,4,4,3.33,1,1
80835,2,30,3,3,3,4,3,4,3.33,3,2
80837,2,30,2,3,2,4,4,3,3,4,4
80903,2,30,3,3,2,3,3,3,2.83,4,2
80904,2,30,3,3,3,3,3,3,3,4,2
80906,1,10,3,3,3,3,3,3,3,2,2
80909,1,10,2,3,3,2,3,3,2.67,1,1
80910,2,30,3,3,3,3,4,4,3.33,4,1
80911,1,30,3,4,3,3,4,3,3.33,4,2
80912,1,10,3,3,3,3,3,3,3,2,2
80913,2,30,3,3,3,3,3,3,3,4,1
80917,2,30,2,3,3,3,2,3,2.67,4,1
80918,2,30,3,4,4,4,3,4,3.67,4,1
80919,1,30,4,3,3,3,4,3,3.33,2,1
80920,1,30,3,3,3,3,3,3,3,1,1
80922,2,30,3,3,4,3,4,3,3.33,4,3
80923,2,30,3,4,4,4,3,4,3.67,3,3
80924,1,30,3,2,3,3,4,3,3,2,2
80926,1,30,3,3,3,3,3,3,3,1,1
80927,1,30,3,3,3,3,4,3,3.17,2,1
80928,1,30,3,4,3,3,3,4,3.33,2,3
80929,2,30,3,4,4,4,4,4,3.83,4,2
80930,1,30,4,4,4,4,3,4,3.83,2,2
80931,2,30,4,4,4,4,4,4,4,3,3
80932,2,30,4,4,4,4,3,4,3.83,4,1
80934,1,30,3,2,3,2,3,2,2.5,2,2
80935,1,30,3,2,3,3,2,3,2.67,2,1
80937,1,30,4,3,4,3,4,3,3.5,1,1
81005,2,30,2,3,2,2,4,2,2.5,3,1
81006,1,30,4,4,4,4,4,4,4,2,3
81008,1,30,3,4,2,4,4,4,3.5,1,1
81009,2,30,3,3,1,3,3,3,2.67,1,1
81013,1,30,3,3,4,4,4,4,3.67,1,2
81014,2,30,3,3,3,3,2,3,2.83,2,2
81017,2,30,3,3,3,3,3,3,3,3,3
81018,1,30,3,3,3,4,4,4,3.5,2,3
81019,2,30,2,2,2,2,3,2,2.17,1,1
81023,2,30,3,3,3,3,3,3,3,1,2
81024,1,30,2,2,2,2,4,4,2.67,1,1
81026,2,30,2,4,1,3,2,4,2.67,4,3
81028,1,30,2,4,4,4,4,4,3.67,1,1
81029,2,30,3,3,2,2,2,3,2.5,4,4
81030,1,30,4,4,4,4,4,4,4,2,2
81032,1,10,1,2,2,1,4,3,2.17,1,1
81034,1,30,1,3,1,4,4,4,2.83,1,4
81036,1,30,3,3,3,3,4,4,3.33,2,3
81037,2,30,2,3,2,3,2,2,2.33,4,1
81038,1,30,4,2,2,4,3,4,3.17,3,1
81039,2,30,2,2,2,2,2,2,2,1,2
81041,1,30,4,3,3,3,3,4,3.33,1,4
81102,2,30,2,3,3,3,3,2,2.67,2,1
81103,1,30,3,3,4,3,4,4,3.5,1,3
81105,2,30,3,4,4,4,4,4,3.83,4,4
81109,1,30,3,3,3,3,3,3,3,3,2
81111,1,21,4,4,4,4,4,4,4,1,1
81113,2,30,3,3,2,3,2,3,2.67,4,4
81117,1,30,2,2,2,2,3,4,2.5,1,1
81118,2,30,2,2,2,4,4,4,3,4,1
81119,2,30,3,2,2,2,3,2,2.33,3,4
81122,1,30,3,2,2,3,3,4,2.83,2,3
81123,1,30,3,3,3,3,4,4,3.33,2,3
81124,2,30,3,3,3,3,3,3,3,3,2
81126,2,30,3,2,2,2,3,2,2.33,4,4
81129,1,30,3,4,4,4,4,4,3.83,1,2
81130,2,30,2,4,2,4,4,3,3.17,4,4
81132,1,30,3,3,3,3,3,3,3,1,1
81135,2,30,4,4,4,4,4,4,4,2,4
81138,1,30,3,4,4,4,4,4,3.83,1,2
81139,2,30,3,3,3,3,3,3,3,4,3
81201,1,30,4,3,4,4,3,3,3.5,2,2
81202,2,30,4,4,3,3,4,4,3.67,2,2
81203,1,30,2,3,2,3,3,3,2.67,1,3
81204,2,30,4,4,4,4,4,3,3.83,2,1
81205,2,30,2,3,3,2,3,3,2.67,2,2
81206,2,30,2,4,3,2,3,3,2.83,1,1
81207,1,30,1,1,2,1,2,2,1.5,1,1
81208,1,30,3,4,3,3,3,3,3.17,1,2
81209,2,30,3,3,3,3,4,4,3.33,4,3
81210,2,30,3,3,4,3,3,3,3.17,2,1
81211,1,30,2,2,2,2,2,3,2.17,1,1
81214,2,30,3,3,3,3,3,3,3,1,2
81215,1,30,4,3,3,4,3,4,3.5,1,2
81216,1,30,3,2,3,2,2,1,2.17,2,1
81217,1,30,3,3,3,2,2,2,2.5,1,2
81219,2,30,4,3,3,4,4,4,3.67,4,4
81220,1,30,3,3,3,3,3,4,3.17,1,1
81221,2,30,4,4,4,4,4,4,4,2,1
81222,2,30,3,4,3,4,4,3,3.5,3,2
81223,1,30,3,3,3,3,3,3,3,2,2
81225,1,30,3,3,3,2,2,2,2.5,1,1
81226,1,30,1,2,2,2,2,3,2,2,1
81227,2,30,3,3,3,3,4,4,3.33,3,2
81228,2,30,3,3,3,3,4,4,3.33,4,4
81230,1,30,3,3,4,3,4,4,3.5,3,2
81231,2,22,3,3,3,4,3,3,3.17,2,1
81232,2,30,2,3,2,2,3,2,2.33,1,1
81234,1,30,3,3,3,3,3,3,3,3,2
81302,2,30,2,3,3,2,2,3,2.5,4,4
81304,2,30,2,3,3,2,2,3,2.5,4,4
81305,1,30,3,3,3,2,2,3,2.67,2,2
81306,1,30,4,4,2,4,3,3,3.33,2,2
81307,1,30,3,2,2,4,4,3,3,1,1
81309,2,30,2,1,1,1,1,4,1.67,4,2
81310,2,30,2,1,1,1,1,4,1.67,2,2
81311,2,30,3,3,3,3,2,3,2.83,2,1
81313,2,36,3,3,3,3,2,3,2.83,4,1
81314,2,30,3,3,3,3,2,3,2.83,2,1
81315,1,30,3,3,3,3,3,3,3,1,1
81317,2,30,3,3,3,3,2,3,2.83,4,1
81318,1,30,3,3,3,3,3,3,3,1,2
81319,2,30,2,3,3,2,2,3,2.5,4,4
81320,2,30,3,3,3,3,2,3,2.83,2,1
81322,1,30,4,4,4,4,4,4,4,1,1
81323,2,30,2,3,3,4,4,4,3.33,2,2
81324,1,30,4,4,4,4,4,4,4,1,1
81325,1,30,4,4,4,4,4,4,4,2,2
81326,1,30,4,4,4,4,4,4,4,2,2
81327,2,30,4,4,3,3,4,3,3.5,4,2
81328,1,30,4,4,4,4,4,4,4,2,1
81330,1,30,4,4,4,4,4,4,4,2,1
81331,1,30,2,3,3,3,3,3,2.83,4,1
81332,2,30,2,3,3,3,3,3,2.83,4,3
81335,1,30,3,3,3,2,2,3,2.67,1,2
81336,2,30,3,4,2,4,3,2,3,4,4
81337,1,30,4,4,4,4,4,4,4,4,3
81338,2,30,3,3,3,3,3,3,3,2,2
81403,2,10,3,4,3,3,3,3,3.17,4,4
81404,2,30,4,4,4,4,4,4,4,4,1
81408,2,30,4,3,4,4,4,4,3.83,1,2
81410,2,30,2,2,3,3,2,2,2.33,3,2
81413,2,30,4,4,4,4,4,4,4,3,2
81414,2,30,4,4,4,4,4,4,4,3,4
81415,2,30,4,4,4,4,4,4,4,2,2
81417,2,30,4,4,4,4,4,4,4,4,1
81419,2,30,1,4,4,3,3,3,3,3,2
81420,2,30,3,3,3,3,3,3,3,4,3
81421,2,30,2,4,4,3,2,2,2.83,3,1
81422,2,30,2,3,3,3,3,2,2.67,4,2
81423,2,30,3,3,3,2,3,4,3,4,2
81425,2,30,3,4,3,3,3,3,3.17,2,2
81427,2,30,4,4,4,4,4,3,3.83,3,3
81428,2,30,3,3,3,3,3,3,3,4,4
81430,2,30,3,3,4,3,3,4,3.33,4,3
81431,2,30,3,4,4,4,3,4,3.67,4,4
81432,2,30,2,4,3,3,2,2,2.67,1,1
81433,2,30,3,3,3,3,3,3,3,4,3
81434,2,30,2,3,3,3,3,3,2.83,3,3
81437,2,30,2,3,2,3,4,4,3,1,1
81439,2,30,3,3,3,2,3,3,2.83,3,4
90303,2,31,2,2,2,3,3,3,2.5,3,2
90304,1,31,3,3,3,3,3,3,3,2,1
90306,2,31,3,3,2,3,3,3,2.83,1,2
90308,2,31,4,4,4,4,4,4,4,2,1
90313,1,31,3,3,4,2,2,3,2.83,2,4
90316,2,31,3,3,3,3,2,3,2.83,3,1
90317,1,31,4,3,3,3,3,3,3.17,2,3
90318,1,31,4,3,3,4,4,4,3.67,1,2
90319,1,31,4,4,3,4,4,4,3.83,4,4
90320,1,31,3,3,4,2,4,4,3.33,1,1
90321,2,31,4,4,4,3,4,4,3.83,4,3
90322,2,31,4,4,4,4,4,4,4,4,4
90323,1,31,4,4,4,4,4,4,4,2,4
90401,1,31,4,4,4,4,4,4,4,3,4
90404,1,31,3,3,3,3,3,3,3,1,2
90406,1,31,2,4,2,2,3,3,2.67,1,4
90414,1,31,3,3,2,3,4,2,2.83,2,1
90416,1,31,3,2,3,3,3,3,2.83,4,4
90425,1,31,2,2,3,3,3,3,2.67,2,4
90426,1,31,4,4,3,4,4,4,3.83,1,1
97902,2,31,3,3,3,3,2,3,2.83,4,2
97903,2,31,3,3,3,3,2,3,2.83,4,4
97905,2,31,3,2,3,3,4,4,3.17,1,3
97907,2,31,2,2,2,2,3,2,2.17,3,1
97908,2,31,4,4,4,4,4,4,4,4,4
97910,2,31,4,4,4,4,4,4,4,1,1
97914,2,31,2,3,2,3,3,3,2.67,4,3
97915,2,31,3,3,3,3,3,2,2.83,3,4
97917,2,31,3,3,3,3,4,4,3.33,4,2
97918,2,31,4,4,4,4,4,2,3.67,2,1
97919,2,31,3,3,3,3,3,3,3,4,2
97920,2,31,4,4,4,4,4,4,4,4,2
97922,2,31,2,3,3,2,3,2,2.5,3,4
97927,2,31,1,2,2,2,2,2,1.83,3,2
97928,2,31,2,4,3,3,2,2,2.67,4,3
97932,2,31,2,4,2,3,3,3,2.83,4,4
97935,2,31,2,3,3,3,3,3,2.83,4,4
98003,1,31,4,4,3,4,4,4,3.83,1,1
98004,1,23,3,4,4,4,4,4,3.83,1,1
98005,1,31,4,4,4,4,4,4,4,1,2
98006,1,31,3,3,3,3,3,3,3,3,1
98011,1,36,3,3,2,3,4,4,3.17,3,3
98014,1,10,3,3,3,3,4,4,3.33,2,2
98015,1,31,3,2,2,3,3,2,2.5,2,2
98018,1,31,2,2,3,3,3,3,2.67,2,3
98027,1,31,3,4,4,3,4,4,3.67,1,2
98029,1,31,2,4,4,4,4,4,3.67,1,3
98030,1,24,2,2,3,4,3,3,2.83,1,3
98031,1,31,2,3,3,3,3,4,3,3,3
107701,2,32,3,3,3,3,4,4,3.33,3,2
107702,2,32,3,3,3,3,4,3,3.17,4,3
107704,2,32,3,3,3,3,3,2,2.83,2,3
107706,2,33,3,3,3,3,4,3,3.17,4,4
107707,2,32,2,4,3,4,4,3,3.33,3,2
107708,2,32,3,3,2,3,3,4,3,1,1
107709,2,32,3,3,2,3,3,4,3,1,2
107711,2,32,2,4,3,4,4,3,3.33,4,3
107712,2,32,3,3,3,3,4,4,3.33,3,3
107713,2,21,3,3,3,3,3,3,3,3,4
107714,2,32,3,4,3,3,4,3,3.33,3,2
107715,2,32,4,4,3,3,3,4,3.5,4,3
107716,2,32,2,4,3,3,3,3,3,3,3
107717,2,32,3,3,3,3,3,3,3,3,3
107718,2,32,3,3,3,3,3,1,2.67,2,4
107719,2,32,3,4,3,3,3,4,3.33,3,3
107720,2,32,3,3,3,3,3,3,3,3,3
107722,2,32,3,3,3,3,3,3,3,2,3
107723,2,32,3,4,3,3,4,3,3.33,3,3
107724,2,32,4,4,3,3,4,3,3.5,3,3
107725,2,32,3,3,3,3,3,3,3,3,3
107727,2,32,4,3,3,3,4,4,3.5,4,4
107728,2,32,3,3,3,3,4,3,3.17,4,3
107730,2,32,3,3,2,3,3,4,3,1,1
107732,2,32,3,3,3,3,3,3,3,4,2
107733,2,32,2,3,3,3,4,3,3,4,3
107734,2,32,4,3,3,3,4,4,3.5,3,3
107735,2,32,3,2,3,3,4,3,3,3,3
107736,2,32,3,3,3,3,4,3,3.17,4,3
107737,2,32,4,3,3,3,4,3,3.33,4,4
107801,1,32,4,4,4,4,4,4,4,3,2
107802,1,32,4,3,3,4,3,3,3.33,3,2
107809,1,32,4,4,4,4,4,4,4,3,2
107810,1,32,4,4,4,4,4,4,4,3,2
107812,1,32,4,4,4,4,4,4,4,3,3
107816,1,32,4,3,3,3,4,4,3.5,3,2
107818,1,32,4,4,4,4,4,4,4,3,3
107820,1,32,3,3,3,4,4,4,3.5,2,2
107821,1,32,4,4,4,4,4,4,4,2,2
107824,1,32,4,3,4,4,4,4,3.83,3,2
107825,1,32,3,4,4,3,4,4,3.67,2,2
107826,1,32,3,3,4,3,4,4,3.5,2,3
107827,1,32,4,4,4,4,4,4,4,1,4
107829,1,32,4,4,4,4,4,4,4,2,2
107830,1,32,4,4,4,4,4,4,4,3,2
107831,1,32,3,3,2,4,4,4,3.33,1,3
107834,1,32,2,3,3,2,4,4,3,1,1
107835,1,32,4,4,4,4,4,4,4,3,1
108102,2,33,3,3,2,4,4,4,3.33,1,1
108103,2,32,3,3,3,3,3,3,3,2,1
108104,2,32,2,3,2,2,3,3,2.5,2,3
108105,2,32,3,3,3,3,3,3,3,3,2
108106,2,32,3,3,3,3,3,3,3,3,3
108108,2,32,2,3,3,3,3,3,2.83,2,3
108109,2,32,3,3,4,4,4,4,3.67,4,2
108111,2,32,3,2,4,4,2,2,2.83,2,2
108112,2,32,3,3,4,3,2,3,3,3,3
108114,2,32,4,4,4,4,4,2,3.67,2,3
108118,2,32,4,4,4,4,4,4,4,4,1
108119,2,32,3,3,3,3,2,4,3,2,2
108120,2,32,4,4,3,3,3,4,3.5,1,3
108121,2,32,3,4,4,3,3,3,3.33,4,4
108122,2,32,4,3,3,3,4,4,3.5,4,4
108125,2,32,2,2,2,2,3,3,2.33,3,4
108126,2,32,4,4,4,3,3,3,3.5,1,2
108127,2,32,2,4,4,4,4,4,3.67,4,4
108129,2,32,2,2,2,4,3,3,2.67,4,4
108201,1,32,4,4,4,4,4,4,4,3,3
108203,1,32,3,3,3,3,3,3,3,3,1
108204,1,32,3,3,3,3,3,3,3,4,3
108205,1,32,3,3,3,2,2,3,2.67,1,1
108206,1,32,2,2,2,3,3,4,2.67,1,2
108207,1,32,3,3,3,4,2,3,3,2,2
108210,1,32,2,2,2,3,3,3,2.5,1,3
108212,1,32,2,3,2,2,2,3,2.33,4,2
108214,1,32,4,3,3,4,4,4,3.67,3,1
108216,1,32,2,2,3,4,4,4,3.17,1,1
108217,1,32,4,3,3,4,4,4,3.67,1,3
108219,1,32,4,4,4,4,4,4,4,1,4
108220,1,32,4,3,3,4,3,4,3.5,3,3
108221,1,32,2,2,2,2,3,3,2.33,1,1
108222,1,33,2,2,2,3,2,2,2.17,2,2
108224,1,32,4,4,3,4,4,4,3.83,3,3
108225,1,32,2,3,3,2,4,4,3,1,1
108227,1,32,3,3,3,3,4,4,3.33,1,1
108230,1,32,2,4,2,2,4,4,3,2,2
108231,1,32,2,2,2,3,2,3,2.33,2,2
108232,1,32,3,3,3,4,4,4,3.5,1,1
108233,1,32,3,3,3,3,3,3,3,1,2
108234,1,32,4,3,2,4,4,4,3.5,1,2
108235,1,32,2,2,1,2,3,3,2.17,1,1
108236,1,32,3,2,2,3,3,3,2.67,2,3
117101,1,33,2,3,2,2,3,3,2.5,1,1
117103,1,33,4,4,4,4,4,4,4,1,3
117105,2,33,3,3,3,3,3,3,3,4,2
117106,1,33,2,2,2,3,4,4,2.83,1,2
117107,1,33,3,3,3,4,4,4,3.5,1,3
117108,2,33,4,4,3,4,4,3,3.67,4,2
117109,2,33,2,2,2,2,2,3,2.17,4,1
117111,1,33,3,3,3,3,3,3,3,1,1
117115,1,33,3,3,3,3,4,3,3.17,3,4
117116,2,33,3,4,4,3,4,4,3.67,4,4
117117,1,33,3,2,3,3,3,4,3,1,2
117118,1,33,4,4,4,4,4,4,4,1,3
117119,1,33,3,2,2,3,3,3,2.67,2,1
117121,1,33,2,3,3,2,2,3,2.5,1,1
117122,1,33,3,3,3,4,4,4,3.5,1,1
117124,2,33,3,4,4,3,4,4,3.67,2,2
117125,1,33,3,3,3,3,4,4,3.33,1,1
117401,2,33,3,4,3,3,2,2,2.83,3,3
117404,2,33,3,4,3,3,2,1,2.67,3,4
117406,2,33,4,4,4,4,4,4,4,4,2
117409,2,33,3,3,3,4,3,4,3.33,3,1
117410,2,33,4,4,4,4,4,2,3.67,4,3
117412,1,33,4,4,4,4,4,4,4,1,1
117413,2,24,3,3,3,3,3,3,3,3,3
117414,2,33,3,3,3,3,3,2,2.83,2,1
117415,1,33,3,4,4,4,4,4,3.83,3,3
117417,2,24,2,2,2,2,1,2,1.83,4,4
117419,1,33,4,4,4,4,4,4,4,4,3
117420,2,33,4,3,2,3,2,3,2.83,3,2
117421,2,33,4,3,3,4,4,4,3.67,3,1
117425,2,33,4,3,3,4,4,4,3.67,2,1
117426,1,33,3,4,4,3,3,3,3.33,3,3
117430,1,33,4,4,4,4,3,3,3.67,3,2
117432,1,33,4,4,4,3,4,4,3.83,1,2
117433,1,33,4,4,4,4,4,2,3.67,1,4
117435,1,33,2,2,2,3,2,2,2.17,1,4
118302,1,33,3,3,4,4,4,3,3.5,2,2
118305,1,33,4,4,4,4,4,4,4,2,2
118309,1,33,3,3,3,4,4,3,3.33,1,1
118310,2,33,4,4,3,4,4,4,3.83,3,2
118311,1,33,3,3,3,4,4,4,3.5,2,2
118312,2,33,4,4,4,4,4,3,3.83,2,2
118313,2,33,4,4,4,4,4,4,4,2,2
118316,2,33,3,4,4,4,4,4,3.83,3,2
118317,1,33,4,3,4,4,4,4,3.83,1,1
118403,2,33,2,3,1,3,2,2,2.17,3,2
118405,1,33,4,4,3,4,3,4,3.67,2,1
118406,1,33,4,4,4,3,4,4,3.83,2,1
118407,1,33,3,4,3,4,4,4,3.67,1,1
118409,2,33,3,4,4,3,3,3,3.33,4,4
118410,1,33,3,4,3,3,3,3,3.17,1,1
118412,2,33,4,4,4,4,2,3,3.5,4,1
118413,2,33,3,4,3,3,4,4,3.5,1,2
118415,2,33,4,4,4,4,4,4,4,2,1
118417,1,33,3,3,3,3,3,2,2.83,1,1
118418,1,33,2,4,3,2,3,3,2.83,2,2
118420,1,33,4,4,4,4,4,4,4,2,2
118422,1,33,3,4,4,4,3,3,3.5,2,1
118425,2,33,4,4,2,3,4,4,3.5,4,2
118426,2,33,3,4,3,3,3,3,3.17,4,4
118427,2,33,2,4,3,3,1,4,2.83,4,3
118431,2,33,3,3,3,4,4,4,3.5,1,1
118433,2,33,3,3,4,4,3,4,3.5,1,1
118434,1,33,2,2,1,3,3,3,2.33,3,3
126301,1,34,4,4,4,4,4,4,4,2,1
126302,1,34,4,4,3,4,4,4,3.83,2,2
126303,1,34,4,4,4,4,4,4,4,3,4
126305,1,34,4,4,3,3,3,4,3.5,2,2
126306,1,34,2,3,2,3,3,3,2.67,1,2
126307,1,34,3,2,3,3,4,3,3,2,2
126308,1,34,3,2,3,3,3,3,2.83,1,1
126309,1,34,3,3,3,3,3,3,3,2,2
126313,1,34,3,2,4,4,4,4,3.5,1,1
126314,1,34,3,2,3,3,3,4,3,1,1
126315,1,34,1,3,1,1,4,4,2.33,1,4
126316,1,34,3,3,3,3,3,4,3.17,2,2
126317,1,34,3,3,3,4,4,4,3.5,3,4
126320,1,34,3,3,3,3,3,3,3,3,1
126322,1,34,3,3,4,2,3,3,3,1,4
126324,1,34,4,3,4,4,4,4,3.83,4,4
126601,1,34,4,4,4,4,4,4,4,1,1
126602,2,34,3,3,3,3,3,3,3,3,2
126603,2,34,3,4,2,3,3,3,3,4,2
126605,1,34,2,4,4,3,4,4,3.5,4,2
126608,2,34,2,2,2,2,4,4,2.67,4,4
126609,2,34,2,4,3,2,1,1,2.17,3,4
126610,1,34,4,4,4,4,4,4,4,3,4
126613,1,34,4,3,3,3,4,4,3.5,2,3
126614,1,34,3,3,3,4,4,4,3.5,1,2
126615,2,34,3,3,3,3,4,4,3.33,3,3
126618,2,34,3,3,3,4,3,3,3.17,2,1
126621,1,34,3,3,3,3,3,4,3.17,1,1
126623,2,34,3,2,3,2,2,3,2.5,4,4
126626,2,34,3,3,3,4,3,4,3.33,4,1
126629,1,34,4,4,4,4,4,4,4,1,1
126631,1,34,3,4,4,3,4,4,3.67,1,1
126633,2,34,4,4,4,4,4,3,3.83,4,2
128502,2,34,3,3,2,4,3,2,2.83,3,2
128503,2,34,4,4,4,4,4,4,4,2,2
128505,1,34,3,4,3,3,4,4,3.5,1,1
128507,1,34,4,4,4,4,4,4,4,1,3
128509,1,34,4,4,4,4,4,4,4,2,3
128510,1,34,4,3,4,4,3,4,3.67,4,1
128511,1,34,2,4,2,2,3,3,2.67,1,4
128515,1,34,3,3,4,4,4,4,3.67,3,2
128517,1,34,2,3,3,2,3,3,2.67,1,3
128518,1,34,3,3,3,3,3,4,3.17,3,2
128519,1,34,3,3,3,3,3,3,3,1,1
128520,2,34,3,4,4,3,4,3,3.5,2,3
128522,2,34,3,3,4,3,4,4,3.5,3,2
128527,2,34,3,2,3,3,3,3,2.83,4,3
128528,2,34,3,3,3,3,4,3,3.17,4,2
128529,2,34,4,4,3,4,4,4,3.83,3,1
128530,2,34,3,3,2,3,3,2,2.67,3,1
128531,2,34,4,4,3,4,4,4,3.83,4,1
128601,2,34,3,3,3,3,3,2,2.83,3,1
128604,1,34,3,4,4,4,3,3,3.5,3,3
128605,2,34,3,4,3,2,3,4,3.17,4,3
128606,2,34,3,4,3,3,4,3,3.33,4,3
128609,2,34,3,4,3,4,4,4,3.67,3,1
128610,2,34,2,3,3,3,3,3,2.83,4,2
128612,1,34,4,3,3,3,4,4,3.5,1,1
128613,1,34,4,4,4,4,4,4,4,1,4
128614,1,34,3,3,3,4,4,4,3.5,2,1
128617,1,34,2,3,3,3,4,4,3.17,2,2
128618,2,34,3,3,2,3,2,3,2.67,3,2
128619,2,34,4,4,4,3,4,4,3.83,3,1
128621,1,34,3,3,2,3,3,3,2.83,1,1
128622,1,34,3,4,3,4,4,4,3.67,3,1
128623,1,34,3,4,4,4,4,4,3.83,1,1
128624,1,34,1,1,2,3,3,3,2.17,1,2
128625,2,34,3,4,4,3,4,3,3.5,4,1
128626,2,34,3,3,2,2,2,2,2.33,2,2
128627,1,34,3,3,3,3,3,3,3,1,1
128628,1,34,3,2,2,2,4,4,2.83,1,2
128630,2,34,2,3,2,2,3,3,2.5,1,1
128633,1,34,3,3,3,4,4,4,3.5,1,1
128634,2,34,1,2,2,2,4,3,2.33,4,2
128635,2,34,2,3,2,2,3,3,2.5,3,2
135901,2,35,3,2,2,2,2,1,2,1,1
135902,2,35,3,3,2,3,2,2,2.5,2,2
135903,2,35,4,4,4,4,4,4,4,1,4
135904,2,35,4,4,4,4,4,4,4,3,1
135906,2,35,3,2,3,3,2,2,2.5,1,1
135907,2,35,2,3,2,3,3,3,2.67,4,3
135910,2,23,3,3,3,4,4,2,3.17,1,4
135913,2,35,3,4,2,3,3,3,3,2,1
135915,2,35,3,3,3,4,4,4,3.5,2,1
135916,2,35,2,3,3,2,2,2,2.33,3,3
135918,2,35,4,4,4,4,4,4,4,4,2
135919,2,34,3,2,3,4,3,2,2.83,1,2
135920,2,35,2,3,4,3,4,4,3.33,4,4
135921,2,35,3,2,3,3,4,4,3.17,4,4
135922,2,35,4,2,4,4,4,4,3.67,4,4
135923,2,35,2,3,3,4,2,1,2.5,1,2
135925,2,35,3,3,4,3,3,3,3.17,3,3
135927,2,35,4,4,3,4,4,4,3.83,4,3
135928,2,35,2,3,3,3,4,3,3,2,1
136203,1,35,4,4,4,3,2,4,3.5,1,3
136204,1,35,3,4,3,2,3,4,3.17,1,1
136205,2,35,3,3,3,3,3,2,2.83,2,3
136206,2,35,3,2,3,3,3,2,2.67,1,2
136207,1,35,4,3,4,4,4,4,3.83,3,2
136210,2,35,3,3,3,3,3,4,3.17,3,3
136211,1,35,3,3,3,3,4,4,3.33,3,3
136212,2,35,3,4,4,4,4,4,3.83,1,1
136213,2,35,2,3,2,2,3,3,2.5,3,3
136216,2,35,3,3,4,3,4,2,3.17,4,3
136220,2,24,3,3,4,3,4,4,3.5,2,1
136221,1,35,3,4,4,3,3,4,3.5,2,1
136222,2,35,4,4,3,4,4,4,3.83,4,4
136223,1,35,4,4,4,4,4,3,3.83,1,3
136225,2,35,4,3,3,3,3,3,3.17,1,3
136228,2,35,3,3,3,4,4,4,3.5,2,1
136230,1,35,2,2,4,4,3,4,3.17,1,4
136232,1,35,3,4,4,4,3,4,3.67,1,1
138704,2,35,3,2,3,2,3,4,2.83,4,4
138707,1,35,2,3,2,3,3,3,2.67,3,2
138708,1,35,3,3,3,3,4,4,3.33,1,4
138710,2,35,3,3,3,3,2,4,3,3,3
138711,2,35,3,2,3,2,3,4,2.83,4,3
138712,2,35,3,3,3,3,2,2,2.67,3,2
138714,1,35,2,3,3,3,3,3,2.83,1,3
138715,1,35,2,3,3,2,2,3,2.5,2,1
138716,2,35,3,3,3,4,3,3,3.17,2,2
138717,2,35,3,4,4,4,4,3,3.67,3,2
138719,2,35,3,3,3,3,4,3,3.17,3,2
138720,2,35,3,4,3,3,2,4,3.17,4,3
138722,2,35,4,4,2,3,3,3,3.17,3,2
138724,1,21,2,2,1,2,4,4,2.5,1,4
138726,1,35,3,3,2,4,2,3,2.83,1,1
138727,1,35,4,3,4,3,4,3,3.5,2,2
138728,1,35,3,4,4,4,4,4,3.83,2,3
138732,1,35,3,3,3,3,3,3,3,1,2
138733,1,35,2,4,3,2,3,3,2.83,2,1
138735,1,35,3,3,3,3,3,3,3,2,1
138803,2,35,2,2,3,2,2,1,2,1,2
138804,2,35,3,4,3,4,4,4,3.67,3,4
138809,2,35,3,3,4,3,4,4,3.5,4,3
138812,2,35,4,4,4,4,4,4,4,4,4
138813,2,35,3,3,4,3,4,4,3.5,4,4
138818,2,35,3,3,4,4,4,4,3.67,4,4
138819,2,35,3,4,4,3,4,4,3.67,3,2
138820,1,35,3,3,2,3,4,4,3.17,1,1
138821,2,35,4,4,4,4,4,4,4,4,2
138823,2,35,2,3,3,3,3,3,2.83,2,1
138833,1,35,2,3,3,2,3,4,2.83,2,3
138835,1,23,4,4,4,4,4,4,4,2,2
142003,1,36,4,4,4,4,4,4,4,1,1
142004,2,36,4,3,4,4,3,3,3.5,1,1
142006,1,36,2,2,4,2,4,1,2.5,2,4
142007,2,36,3,4,4,3,4,2,3.33,2,2
142009,2,36,3,3,3,3,3,2,2.83,3,2
142010,1,36,3,3,3,3,3,4,3.17,2,1
142011,2,36,3,3,3,3,3,3,3,4,2
142012,1,36,3,3,3,4,4,4,3.5,1,1
142015,2,36,2,3,2,2,4,4,2.83,1,1
142018,1,36,3,2,3,3,3,4,3,1,2
142019,1,36,3,3,3,3,4,4,3.33,3,4
142020,2,36,4,4,3,4,4,4,3.83,1,1
142021,2,36,3,3,4,3,3,3,3.17,2,2
142024,1,36,3,3,3,3,4,4,3.33,1,1
142025,2,36,2,3,2,2,3,2,2.33,4,4
142027,1,36,4,3,4,4,4,4,3.83,4,3
142028,2,36,3,3,3,2,4,4,3.17,3,1
142029,2,36,3,3,3,4,4,4,3.5,2,2
142032,2,36,3,3,3,3,3,3,3,4,4
142033,2,36,3,4,4,3,4,3,3.5,4,1
142034,2,36,3,3,2,3,3,3,2.83,4,4
142401,2,36,3,3,3,3,4,4,3.33,3,1
142402,2,36,3,2,3,3,2,2,2.5,1,1
142403,2,36,3,3,3,2,4,3,3,3,3
142405,2,36,3,3,3,3,4,2,3,3,2
142406,2,36,4,3,3,4,4,4,3.67,2,4
142407,2,36,4,3,3,4,4,4,3.67,3,1
142408,2,21,3,3,2,3,2,2,2.5,4,3
142409,2,36,3,4,4,4,2,3,3.33,4,4
142410,2,36,3,3,3,3,3,3,3,4,4
142411,2,36,3,4,2,4,2,4,3.17,4,1
142412,2,36,4,4,4,4,3,4,3.83,4,3
142413,2,36,3,3,4,4,4,3,3.5,3,2
142414,2,36,4,4,4,3,3,3,3.5,4,4
142415,2,36,3,3,3,3,3,3,3,2,4
142416,2,36,2,4,3,3,4,2,3,4,2
142417,2,36,2,3,2,3,3,3,2.67,2,2
142418,2,36,3,3,3,3,3,3,3,2,1
142420,2,36,4,3,4,3,3,3,3.33,4,3
142421,2,36,2,2,2,4,4,4,3,3,4
142422,2,36,4,3,3,4,4,3,3.5,4,4
142424,1,36,4,4,4,4,4,4,4,1,1
142425,1,36,3,2,3,4,3,2,2.83,1,3
142426,1,36,2,3,4,4,4,4,3.5,3,4
142427,1,36,4,3,4,4,4,4,3.83,2,4
142430,1,36,3,3,3,3,3,3,3,4,2
142431,1,36,4,3,3,3,3,4,3.33,1,1
142432,1,36,2,4,3,3,3,3,3,2,1
142433,1,36,3,3,3,3,3,3,3,3,3
148902,1,36,4,4,4,4,4,4,4,4,2
148903,1,36,2,3,3,3,3,3,2.83,2,2
148904,1,36,3,2,3,3,3,3,2.83,2,2
148905,1,36,3,3,3,4,4,4,3.5,3,2
148906,1,36,3,3,3,3,3,3,3,2,2
148908,1,36,3,3,4,3,3,3,3.17,2,1
148909,1,36,2,4,3,3,3,4,3.17,1,3
148910,1,36,4,4,4,4,2,4,3.67,2,2
148912,1,36,3,4,4,3,4,3,3.5,2,1
148913,1,36,3,3,3,3,3,3,3,2,3
148914,1,36,3,3,3,3,4,3,3.17,2,1
148916,1,36,4,4,4,4,4,4,4,3,2
148918,1,36,3,3,2,2,3,4,2.83,1,3
148919,1,36,4,2,3,3,4,4,3.33,2,3
148920,1,36,4,4,4,4,4,4,4,1,1
148921,1,36,4,4,4,4,4,4,4,3,2
148922,1,36,3,3,3,4,4,3,3.33,1,2
148923,1,36,4,2,1,4,4,4,3.17,1,2
148924,1,37,3,3,3,3,4,4,3.33,1,4
148926,1,36,3,4,3,4,4,4,3.67,3,1
148927,1,36,4,3,4,4,4,4,3.83,1,2
148928,1,36,2,3,3,3,3,2,2.67,3,1
148929,1,36,4,3,3,4,4,4,3.67,2,2
148930,1,36,4,4,3,3,4,4,3.67,2,2
148931,1,36,3,3,3,3,3,1,2.67,4,3
148932,1,36,3,3,3,4,4,4,3.5,1,1
148933,1,36,4,4,4,4,4,4,4,1,1
148934,1,36,2,2,2,2,3,4,2.5,1,1
149001,2,36,4,4,3,3,3,4,3.5,4,2
149002,2,36,4,4,3,4,4,4,3.83,4,4
149004,2,36,2,4,2,2,2,1,2.17,1,4
149005,2,36,3,3,3,3,3,2,2.83,3,1
149006,2,36,3,3,4,4,3,3,3.33,4,1
149007,2,36,3,3,3,3,3,3,3,4,3
149008,2,36,4,4,4,4,4,4,4,4,4
149010,2,36,3,4,4,3,3,4,3.5,2,1
149011,2,36,4,4,3,3,4,3,3.5,4,4
149012,2,36,2,2,4,3,4,4,3.17,3,3
149013,2,36,4,4,4,4,4,4,4,3,2
149014,2,36,3,4,3,3,4,4,3.5,2,2
149015,2,36,2,3,3,2,2,2,2.33,3,1
149016,2,36,3,3,3,3,3,3,3,3,3
149017,2,36,4,4,4,3,4,4,3.83,2,1
149019,2,36,3,3,3,3,3,3,3,3,4
149020,2,36,4,4,4,4,3,3,3.67,4,2
149022,2,36,3,3,4,3,3,3,3.17,2,1
149023,2,36,3,3,3,3,3,3,3,4,2
149024,2,36,3,3,3,4,4,3,3.33,4,1
149025,2,36,3,3,3,3,3,2,2.83,4,2
149030,2,36,4,4,3,4,4,4,3.83,3,3
149032,2,36,3,2,2,2,4,4,2.83,2,4
149034,2,36,2,2,4,4,2,4,3,2,1
149101,1,36,3,3,2,3,2,4,2.83,1,2
149102,1,36,3,3,3,3,3,4,3.17,1,1
149103,1,36,4,3,4,3,4,4,3.67,2,2
149106,1,36,2,2,3,2,3,4,2.67,1,1
149107,1,36,3,3,3,4,4,4,3.5,2,1
149109,1,36,2,3,3,3,3,2,2.67,1,1
149110,1,36,2,4,3,4,4,4,3.5,1,3
149111,1,36,1,3,2,2,3,4,2.5,2,1
149115,1,36,4,4,4,4,4,4,4,4,2
149116,1,36,4,4,4,4,4,4,4,2,1
149117,1,36,3,3,3,3,3,3,3,4,1
149118,1,36,4,4,4,4,4,4,4,1,1
149119,1,36,3,3,3,3,3,4,3.17,1,1
149120,1,36,4,3,3,4,4,3,3.5,2,4
149121,1,36,3,3,3,2,3,3,2.83,3,1
149123,1,36,2,3,2,2,4,4,2.83,1,4
149125,1,36,4,4,4,3,4,4,3.83,2,1
149126,1,25,2,2,2,2,3,4,2.5,1,2
149127,1,36,3,2,2,2,3,4,2.67,1,1
149128,1,36,2,3,2,3,3,4,2.83,4,4
149130,1,36,3,3,3,3,3,3,3,3,4
149131,1,36,4,4,3,4,4,4,3.83,2,4
149132,1,36,4,4,4,4,4,4,4,2,4
149133,1,36,3,3,2,3,3,3,2.83,2,1
149134,1,36,2,4,3,4,4,4,3.5,4,4
151801,2,37,3,3,3,3,3,3,3,4,3
151802,2,37,3,3,3,3,3,3,3,3,3
151803,2,35,4,4,2,4,4,4,3.67,4,4
151805,2,37,4,4,3,4,4,4,3.83,4,2
151806,2,37,3,3,4,3,3,2,3,1,3
151808,2,37,3,3,3,4,3,3,3.17,3,2
151809,2,37,3,3,3,4,3,3,3.17,4,2
151810,2,37,3,3,3,4,4,3,3.33,4,2
151811,2,37,3,3,3,3,2,2,2.67,3,2
151812,2,37,4,4,3,2,3,3,3.17,2,3
151813,2,37,3,3,3,4,3,3,3.17,4,1
151815,1,37,3,4,3,3,4,3,3.33,2,2
151816,1,37,4,3,4,3,3,4,3.5,2,2
151817,1,37,3,4,3,3,3,3,3.17,1,3
151818,1,37,4,4,3,3,4,4,3.67,3,2
151820,1,37,3,3,3,3,3,3,3,1,1
151821,1,37,4,2,3,4,4,2,3.17,4,4
151822,1,37,2,4,3,4,4,4,3.5,2,3
151824,1,37,4,4,4,4,4,4,4,2,2
151825,1,37,3,4,2,4,4,3,3.33,1,2
151826,1,20,4,4,4,4,4,4,4,4,3
151827,1,37,4,4,4,4,4,4,4,2,1
151902,1,21,3,3,3,4,4,3,3.33,2,3
151903,1,37,4,4,4,3,4,4,3.83,2,2
151906,1,37,4,4,4,4,3,4,3.83,2,3
151907,1,37,3,3,2,4,4,4,3.33,2,1
151908,1,37,3,3,3,3,3,3,3,1,1
151909,1,37,3,3,3,3,3,3,3,2,4
151910,1,37,4,4,2,2,4,4,3.33,1,3
151911,1,37,4,4,4,4,3,4,3.83,1,3
151912,1,37,4,4,4,4,4,4,4,2,1
151913,1,37,3,3,3,3,3,3,3,1,1
151914,1,37,3,4,4,2,3,4,3.33,1,1
151916,1,37,3,3,3,2,3,3,2.83,2,1
151917,1,37,4,3,3,3,4,4,3.5,3,3
151918,1,37,4,4,3,4,4,4,3.83,2,2
151919,1,37,3,3,3,3,4,4,3.33,2,3
151920,1,37,3,2,3,3,3,3,2.83,1,1
151921,1,37,3,4,3,3,3,4,3.33,1,2
151922,1,37,4,4,4,4,4,4,4,3,4
151923,1,37,2,3,4,3,4,4,3.33,1,2
151924,1,37,4,3,3,4,4,4,3.67,2,3
151925,1,37,3,3,3,4,4,4,3.5,1,1
151926,1,37,2,2,3,2,3,3,2.5,1,1
151927,1,37,4,4,4,4,4,4,4,2,3
151928,1,37,3,2,3,4,4,4,3.33,1,2
151929,1,37,2,2,3,3,4,4,3,2,2
151932,1,37,4,4,3,4,4,4,3.83,3,4
159201,2,37,3,3,3,3,3,3,3,4,2
159205,2,37,2,2,3,3,4,2,2.67,3,3
159207,1,37,2,3,3,4,3,3,3,1,2
159209,2,37,2,4,2,3,4,3,3,3,3
159211,1,37,4,4,4,4,4,4,4,2,2
159212,2,37,4,4,4,4,4,2,3.67,4,2
159215,2,37,2,4,4,3,3,2,3,2,1
159217,2,37,2,3,4,3,3,4,3.17,2,2
159218,1,37,4,4,4,4,4,4,4,1,1
159219,1,37,4,3,3,4,4,3,3.5,2,2
159220,1,37,2,3,2,3,3,3,2.67,2,2
159221,1,37,3,3,3,4,4,4,3.5,1,3
159222,2,37,3,3,4,3,4,3,3.33,2,1
159223,2,37,3,3,3,4,4,4,3.5,4,3
159224,1,37,1,3,1,3,3,2,2.17,1,1
159226,1,37,1,4,3,2,1,2,2.17,3,4
159227,1,37,4,4,4,4,4,4,4,1,1
159228,2,37,3,3,3,4,4,4,3.5,2,2
159229,2,37,4,4,4,4,4,4,4,3,2
159303,2,37,4,4,4,4,4,3,3.83,1,2
159304,2,37,2,3,2,2,3,3,2.5,2,1
159305,2,37,2,4,4,2,4,4,3.33,1,2
159306,2,37,2,4,2,4,3,4,3.17,4,4
159307,2,37,3,3,3,3,3,2,2.83,4,4
159308,2,37,2,2,2,2,2,2,2,3,2
159309,2,37,2,2,2,2,3,3,2.33,3,2
159312,2,37,3,3,3,2,4,4,3.17,4,3
159313,2,37,4,4,3,4,3,3,3.5,3,4
159314,2,37,4,4,4,3,3,4,3.67,4,4
159315,2,37,4,3,3,4,4,4,3.67,4,4
159316,2,37,4,4,4,4,4,4,4,4,4
159318,2,37,4,4,3,3,2,2,3,3,2
159320,2,37,4,4,4,3,3,4,3.67,4,4
159321,2,37,3,3,3,4,4,4,3.5,1,2
159323,2,37,4,4,2,4,4,4,3.67,2,1
159325,2,37,4,4,4,4,4,4,4,4,4
159326,2,37,4,4,4,4,4,4,4,4,2
159328,2,37,3,3,3,3,3,3,3,1,1
159329,2,37,2,4,3,3,2,2,2.67,3,2
159330,2,37,3,3,3,4,4,4,3.5,2,2
159332,2,37,4,4,4,4,4,3,3.83,3,2
159333,2,37,3,3,3,3,3,4,3.17,4,1
159335,2,37,4,4,4,4,4,3,3.83,4,1
159336,2,37,3,2,3,2,4,4,3,1,2
159337,2,37,3,3,4,4,4,4,3.67,3,2
159338,2,37,4,4,3,4,4,3,3.67,4,4
159339,2,37,2,3,3,3,2,2,2.5,4,3
159340,2,37,3,3,4,3,3,4,3.33,4,4
159341,2,37,4,3,3,4,4,4,3.67,4,4
159342,2,37,3,3,3,3,2,2,2.67,4,2
159401,1,37,3,4,4,4,4,4,3.83,2,1
159402,1,37,3,3,2,2,3,4,2.83,3,3
159404,1,37,3,2,4,4,3,4,3.33,1,3
159405,1,37,4,2,2,4,4,2,3,1,2
159410,1,20,4,4,4,4,4,4,4,2,2
159411,1,37,4,4,4,4,4,4,4,2,2
159413,1,37,4,4,4,4,4,4,4,1,2
159414,1,37,3,3,3,4,4,4,3.5,1,1
159415,1,37,3,1,4,3,4,4,3.17,1,2
159418,1,37,4,3,2,4,4,4,3.5,1,1
159419,1,37,2,3,2,2,3,4,2.67,2,2
159420,1,37,4,4,4,4,3,4,3.83,2,3
159421,1,37,3,4,1,4,4,4,3.33,2,4
159424,1,37,3,4,4,4,4,4,3.83,2,2
159425,1,37,4,4,2,3,2,4,3.17,1,1
159426,1,37,4,4,4,4,4,4,4,1,1
159428,1,37,4,4,3,4,4,4,3.83,3,4
159432,1,37,4,4,4,4,3,3,3.67,3,2
166701,2,38,2,2,3,4,3,3,2.83,4,4
166702,2,38,3,3,3,3,3,3,3,4,3
166703,2,38,4,4,4,4,4,4,4,4,1
166704,2,38,3,3,3,3,3,3,3,3,3
166705,2,38,2,2,3,2,2,3,2.33,4,3
166706,2,38,2,3,3,4,2,3,2.83,3,1
166707,2,38,3,3,3,3,2,3,2.83,3,3
166708,2,31,2,3,3,1,3,3,2.5,1,3
166709,2,38,2,3,2,2,3,3,2.5,4,4
166712,2,38,3,3,3,3,3,3,3,4,4
166713,2,38,4,4,3,4,3,3,3.5,4,4
166714,1,38,3,3,3,4,3,4,3.33,2,2
166716,1,38,3,3,4,4,4,4,3.67,2,2
166722,1,38,2,2,2,2,4,4,2.67,1,1
166723,1,38,2,3,4,4,4,4,3.5,1,3
166724,1,38,3,3,3,3,3,3,3,2,2
166726,1,38,2,2,2,2,2,3,2.17,1,3
166727,1,38,4,3,4,4,4,4,3.83,1,2
166728,1,38,3,3,3,3,4,4,3.33,1,3
166805,1,38,4,3,4,4,4,4,3.83,1,2
166808,1,38,4,2,4,3,4,4,3.5,1,1
166811,1,38,2,4,2,2,2,3,2.5,1,1
166812,1,38,4,4,2,4,4,4,3.67,1,1
166817,1,38,3,4,3,4,4,4,3.67,1,1
166819,1,38,4,4,3,3,3,4,3.5,1,1
166823,1,38,4,3,4,4,4,4,3.83,2,1
166824,1,38,4,4,4,4,4,4,4,1,1
166825,1,38,3,3,4,4,4,4,3.67,3,1
166826,1,38,2,2,3,3,4,4,3,1,2
166831,1,38,4,4,4,4,4,4,4,1,3
166832,1,38,2,3,3,3,4,4,3.17,1,3
166833,1,38,3,3,3,3,3,3,3,1,3
166835,1,38,4,4,4,3,4,4,3.83,3,4
166836,1,38,3,2,3,2,3,3,2.67,2,3
166837,1,38,3,4,2,3,4,4,3.33,3,4
166838,1,38,1,2,2,2,2,4,2.17,1,1
166902,1,38,4,4,4,4,4,4,4,1,3
166903,1,38,4,4,4,3,4,4,3.83,1,1
166904,1,38,2,3,3,4,4,4,3.33,1,2
166905,1,38,4,4,4,4,4,4,4,2,1
166906,1,38,2,2,2,3,4,4,2.83,1,2
166909,1,38,3,3,3,3,3,3,3,1,2
166910,1,38,4,4,4,4,4,4,4,2,1
166912,1,38,2,4,3,3,4,4,3.33,1,4
166915,1,38,3,3,3,3,3,3,3,2,2
166916,1,38,4,4,4,4,3,3,3.67,4,3
166918,1,38,3,3,3,3,3,4,3.17,1,1
166919,1,38,1,2,2,3,4,4,2.67,1,2
166920,1,38,1,4,3,4,4,1,2.83,3,1
166921,1,38,3,3,3,3,3,4,3.17,1,4
166922,1,38,3,2,3,3,4,4,3.17,2,2
166925,1,38,4,4,4,4,4,4,4,2,2
166926,1,38,3,3,3,4,4,4,3.5,4,4
166927,1,38,3,3,3,2,3,4,3,2,2
166929,1,38,2,2,3,2,3,3,2.5,1,3
166930,1,38,2,2,2,3,3,3,2.5,1,1
166933,1,38,3,3,3,3,3,3,3,1,1
166938,1,38,3,3,3,4,4,4,3.5,1,2
166942,1,38,3,4,3,2,4,4,3.33,1,3
167006,2,38,3,4,2,3,4,4,3.33,4,4
167013,2,38,3,3,3,2,2,2,2.5,4,2
167015,2,38,3,4,3,3,3,4,3.33,4,2
167016,2,38,3,3,3,3,3,3,3,4,4
167023,2,38,2,1,2,1,2,2,1.67,3,2
167025,2,38,4,4,4,4,4,4,4,4,4
167031,2,38,2,2,3,2,4,4,2.83,1,1
167032,2,38,2,3,2,3,3,4,2.83,4,1
167035,2,38,2,3,3,3,3,3,2.83,2,2
167036,2,38,4,4,4,2,4,4,3.67,4,4
167037,2,38,3,3,4,4,3,2,3.17,4,4
167041,2,38,4,4,4,4,4,4,4,4,4
167042,2,38,2,2,3,2,2,3,2.33,3,3
